"","eie1","eie2","eie3","eie4","eie_sev_high_perc","esnfi1","esnfi2","esnfi3","esnfi4","esnfi_sev_high_perc","fsa1","fsa2","fsa3","fsa4","fsac_sev_high_perc","nut1","nut2","nut3","nut4","nut_sev_high_perc","prot1","prot2","prot3","prot4","prot_sev_high_perc","wash1","wash2","wash3","wash4","wash_sev_high_perc","health1","health2","health3","health4","health_sev_high_perc"
"1",0.108861530449362,0.12680540880346,0.303358491184413,0.460974569562766,0.764333060747179,0.7527099128163,0.213295498879732,0.0339945883039681,0,0.0339945883039681,0.614726517576595,0.375721138251778,0.00955234417162696,0,0.00955234417162696,0.0108142513893841,0.124316208663085,0.527923795056014,0.336945744891517,0.864869539947531,0.266873970548782,0.312191680213336,0.221897566134877,0.199036783103004,0.420934349237882,0.384331832415773,0.370647116694062,0.229531835709529,0.0154892151806367,0.245021050890166,0.142589603448538,0.235552756847927,0.564707417317183,0.0571502223863519,0.621857639703535
