"","eie1","eie2","eie3","eie4","eie_sev_high_perc","esnfi1","esnfi2","esnfi3","esnfi4","esnfi_sev_high_perc","fsa1","fsa2","fsa3","fsa4","fsac_sev_high_perc","nut1","nut2","nut3","nut4","nut_sev_high_perc","prot1","prot2","prot3","prot4","prot_sev_high_perc","wash1","wash2","wash3","wash4","wash_sev_high_perc","health1","health2","health3","health4","health_sev_high_perc","coping_consumed_seed_perc","coping_beg_charity_perc","coping_sold_land_perc"
"1",0.108861530449362,0.163699310156704,0.246321844251149,0.345110650473216,3.50281579153794,0.302482926214692,0.525559033381259,0.164450626216377,0.00750741418767163,0.171958040404048,0.591671132339131,0.365790034256191,0.042538833404678,0,0.042538833404678,0.0317518087410883,0.0898713154696582,0.191583706946351,0.531941407956871,3.06977207570673,0.217459295519525,0.248343527806906,0.20307313258109,0.161214966808061,8.57417148453222,0.365808209870776,0.37760635150096,0.217006576492566,0.039578862135698,0.256585438628264,0.0847493336278461,0.185614228060287,0.384620629767154,0.300223711244098,1.71007583265353,0.80738635756369,0.671017340349691,0.653711901200572
